{"data":{"nodes":{"_subscribers":{"*":[],"add":[{}],"remove":[{}],"update":[{}]},"_options":{},"_data":{"1":{"id":1,"label":"2"},"2":{"id":2,"label":"4"},"3":{"id":3,"label":"5"},"4":{"id":4,"label":"6"},"5":{"id":5,"label":"1"},"6":{"id":6,"label":"8"},"7":{"id":7,"label":"9"},"8":{"id":8,"label":"10"},"9":{"id":9,"label":"7"},"10":{"id":10,"label":"11"},"11":{"id":11,"label":"12"},"12":{"id":12,"label":"14"},"13":{"id":13,"label":"15"},"14":{"id":14,"label":"13"},"15":{"id":15,"label":"3"},"16":{"id":16,"x":214.89766813835456,"y":-238.7299589107153,"label":"34"},"17":{"id":17,"x":220.18005014015355,"y":-240.05055441116505,"label":"67"},"18":{"id":18,"x":268.35777507928833,"y":-236.84510896916427,"label":"86"},"19":{"id":19,"x":279.21066901025716,"y":-236.84510896916427,"label":"45"},"20":{"id":20,"x":294.1333981653393,"y":-239.55833245190647,"label":"56"},"21":{"id":21,"x":296.8466216480815,"y":-239.55833245190647,"label":"556"},"22":{"id":22,"x":296.8466216480815,"y":-238.20172071053537,"label":"544"},"23":{"id":23,"x":296.8466216480815,"y":-238.20172071053537,"label":"21"},"24":{"id":24,"x":296.8466216480815,"y":-236.84510896916427,"label":"70"},"25":{"id":25,"x":296.8466216480815,"y":-236.84510896916427,"label":"23"},"26":{"id":26,"x":296.8466216480815,"y":-236.84510896916427,"label":"98"},"27":{"id":27,"x":296.8466216480815,"y":-236.84510896916427,"label":"66"},"28":{"id":28,"x":296.8466216480815,"y":-236.84510896916427,"label":"55"},"29":{"id":29,"x":296.8466216480815,"y":-236.84510896916427,"label":"77"},"30":{"id":30,"x":296.8466216480815,"y":-236.84510896916427,"label":"18"}},"length":30,"_idProp":"id","_type":{}},"edges":{"_subscribers":{"*":[],"add":[{}],"remove":[{}],"update":[{}]},"_options":{},"_data":{"1":{"from":1,"to":2,"label":"4","id":1,"color":{}},"2":{"from":1,"to":3,"label":"5","id":2,"color":{}},"3":{"from":1,"to":4,"label":"6","id":3,"color":{}},"4":{"from":2,"to":5,"label":"1","id":4,"color":{}},"5":{"from":3,"to":5,"label":"7","id":5,"color":{}},"6":{"from":6,"to":7,"label":"8","id":6,"color":{}},"7":{"from":6,"to":4,"label":"8","id":7,"color":{}},"8":{"from":7,"to":8,"label":"10","id":8,"color":{}},"9":{"from":9,"to":8,"label":"7","id":9,"color":{}},"10":{"from":10,"to":9,"label":"66","id":10,"color":{}},"11":{"from":10,"to":11,"label":"4","id":11,"color":{}},"12":{"from":12,"to":11,"label":"3","id":12,"color":{}},"13":{"from":13,"to":12,"label":"5","id":13,"color":{}},"14":{"from":14,"to":13,"label":"6","id":14,"color":{}},"15":{"from":2,"to":15,"label":"9","id":15,"color":{}},"16":{"from":16,"to":11,"label":"1","id":16,"color":{}},"17":{"from":21,"to":12,"label":"1","id":17,"color":{}},"18":{"from":23,"to":16,"label":"1","id":18,"color":{}},"19":{"from":25,"to":21,"label":"1","id":19,"color":{}},"20":{"from":27,"to":16,"label":"1","id":20,"color":{}},"21":{"from":30,"to":21,"label":"1","id":21,"color":{}},"22":{"from":29,"to":27,"label":"1","id":22,"color":{}},"23":{"from":19,"to":10,"label":"1","id":23,"color":{}},"24":{"from":19,"to":12,"label":"1","id":24,"color":{}},"25":{"from":17,"to":21,"label":"1","id":25,"color":{}},"26":{"from":26,"to":29,"label":"1","id":26,"color":{}},"27":{"from":18,"to":5,"label":"1","id":27,"color":{}},"28":{"from":22,"to":26,"label":"1","id":28,"color":{}},"29":{"from":28,"to":30,"label":"1","id":29,"color":{}},"30":{"from":22,"to":18,"label":"1","id":30,"color":{}},"31":{"from":20,"to":17,"label":"1","id":31,"color":{}},"32":{"from":24,"to":17,"label":"1","id":32,"color":{}},"33":{"from":20,"to":5,"label":"1","id":33,"color":{}},"34":{"from":5,"to":19,"label":"1","id":34,"color":{}},"35":{"from":19,"to":21,"label":"1","id":35,"color":{}},"36":{"from":21,"to":11,"label":"1","id":36,"color":{}},"37":{"from":1,"to":19,"label":"1","id":37,"color":{}}},"length":37,"_idProp":"id","_type":{}}},"options":{"locale":"pt-br","manipulation":{"enabled":false},"edges":{"font":{"color":"#ffffff","strokeWidth":0,"size":18}},"nodes":{"color":{"border":"#698B69","background":"#458B74","highlight":{"border":"#698B69","background":"#4f6e4f"}},"font":{"color":"white"}},"physics":{"enabled":true,"forceAtlas2Based":{"gravitationalConstant":-50,"centralGravity":0.01,"springConstant":0.02,"springLength":100,"damping":0.4,"avoidOverlap":0},"maxVelocity":50,"minVelocity":0.1,"solver":"forceAtlas2Based","stabilization":{"enabled":true,"iterations":1000,"updateInterval":100,"onlyDynamicEdges":false,"fit":true},"timestep":0.5,"adaptiveTimestep":true}},"ponderado":true,"ordenado":false}